Source,value_set_id,value_set_subgroup,code_type,code_version,code
COB,CANCER,CANCER,ICD_10,2023,C000
COB,CANCER,CANCER,ICD_10,2023,C001
COB,CANCER,CANCER,ICD_10,2023,C002
COB,CANCER,CANCER,ICD_10,2023,C003
COB,CANCER,CANCER,ICD_10,2023,C004
COB,CANCER,CANCER,ICD_10,2023,C005
COB,CANCER,CANCER,ICD_10,2023,C006
COB,CANCER,CANCER,ICD_10,2023,C008
COB,CANCER,CANCER,ICD_10,2023,C009
COB,CANCER,CANCER,ICD_10,2023,C01
COB,CANCER,CANCER,ICD_10,2023,C020
COB,CANCER,CANCER,ICD_10,2023,C021
COB,CANCER,CANCER,ICD_10,2023,C022
COB,CANCER,CANCER,ICD_10,2023,C023
COB,CANCER,CANCER,ICD_10,2023,C024
COB,CANCER,CANCER,ICD_10,2023,C028
COB,CANCER,CANCER,ICD_10,2023,C029
COB,CANCER,CANCER,ICD_10,2023,C030
COB,CANCER,CANCER,ICD_10,2023,C031
COB,CANCER,CANCER,ICD_10,2023,C039
COB,CANCER,CANCER,ICD_10,2023,C040
COB,CANCER,CANCER,ICD_10,2023,C041
COB,CANCER,CANCER,ICD_10,2023,C048
COB,CANCER,CANCER,ICD_10,2023,C049
COB,CANCER,CANCER,ICD_10,2023,C050
COB,CANCER,CANCER,ICD_10,2023,C051
COB,CANCER,CANCER,ICD_10,2023,C052
COB,CANCER,CANCER,ICD_10,2023,C058
COB,CANCER,CANCER,ICD_10,2023,C059
COB,CANCER,CANCER,ICD_10,2023,C060
COB,CANCER,CANCER,ICD_10,2023,C061
COB,CANCER,CANCER,ICD_10,2023,C062
COB,CANCER,CANCER,ICD_10,2023,C0680
COB,CANCER,CANCER,ICD_10,2023,C0689
COB,CANCER,CANCER,ICD_10,2023,C069
COB,CANCER,CANCER,ICD_10,2023,C07
COB,CANCER,CANCER,ICD_10,2023,C080
COB,CANCER,CANCER,ICD_10,2023,C081
COB,CANCER,CANCER,ICD_10,2023,C089
COB,CANCER,CANCER,ICD_10,2023,C090
COB,CANCER,CANCER,ICD_10,2023,C091
COB,CANCER,CANCER,ICD_10,2023,C098
COB,CANCER,CANCER,ICD_10,2023,C099
COB,CANCER,CANCER,ICD_10,2023,C100
COB,CANCER,CANCER,ICD_10,2023,C101
COB,CANCER,CANCER,ICD_10,2023,C102
COB,CANCER,CANCER,ICD_10,2023,C103
COB,CANCER,CANCER,ICD_10,2023,C104
COB,CANCER,CANCER,ICD_10,2023,C108
COB,CANCER,CANCER,ICD_10,2023,C109
COB,CANCER,CANCER,ICD_10,2023,C110
COB,CANCER,CANCER,ICD_10,2023,C111
COB,CANCER,CANCER,ICD_10,2023,C112
COB,CANCER,CANCER,ICD_10,2023,C113
COB,CANCER,CANCER,ICD_10,2023,C118
COB,CANCER,CANCER,ICD_10,2023,C119
COB,CANCER,CANCER,ICD_10,2023,C12
COB,CANCER,CANCER,ICD_10,2023,C130
COB,CANCER,CANCER,ICD_10,2023,C131
COB,CANCER,CANCER,ICD_10,2023,C132
COB,CANCER,CANCER,ICD_10,2023,C138
COB,CANCER,CANCER,ICD_10,2023,C139
COB,CANCER,CANCER,ICD_10,2023,C140
COB,CANCER,CANCER,ICD_10,2023,C142
COB,CANCER,CANCER,ICD_10,2023,C148
COB,CANCER,CANCER,ICD_10,2023,C153
COB,CANCER,CANCER,ICD_10,2023,C154
COB,CANCER,CANCER,ICD_10,2023,C155
COB,CANCER,CANCER,ICD_10,2023,C158
COB,CANCER,CANCER,ICD_10,2023,C159
COB,CANCER,CANCER,ICD_10,2023,C160
COB,CANCER,CANCER,ICD_10,2023,C161
COB,CANCER,CANCER,ICD_10,2023,C162
COB,CANCER,CANCER,ICD_10,2023,C163
COB,CANCER,CANCER,ICD_10,2023,C164
COB,CANCER,CANCER,ICD_10,2023,C165
COB,CANCER,CANCER,ICD_10,2023,C166
COB,CANCER,CANCER,ICD_10,2023,C168
COB,CANCER,CANCER,ICD_10,2023,C169
COB,CANCER,CANCER,ICD_10,2023,C170
COB,CANCER,CANCER,ICD_10,2023,C171
COB,CANCER,CANCER,ICD_10,2023,C172
COB,CANCER,CANCER,ICD_10,2023,C173
COB,CANCER,CANCER,ICD_10,2023,C178
COB,CANCER,CANCER,ICD_10,2023,C179
COB,CANCER,CANCER,ICD_10,2023,C180
COB,CANCER,CANCER,ICD_10,2023,C181
COB,CANCER,CANCER,ICD_10,2023,C182
COB,CANCER,CANCER,ICD_10,2023,C183
COB,CANCER,CANCER,ICD_10,2023,C184
COB,CANCER,CANCER,ICD_10,2023,C185
COB,CANCER,CANCER,ICD_10,2023,C186
COB,CANCER,CANCER,ICD_10,2023,C187
COB,CANCER,CANCER,ICD_10,2023,C188
COB,CANCER,CANCER,ICD_10,2023,C189
COB,CANCER,CANCER,ICD_10,2023,C19
COB,CANCER,CANCER,ICD_10,2023,C20
COB,CANCER,CANCER,ICD_10,2023,C210
COB,CANCER,CANCER,ICD_10,2023,C211
COB,CANCER,CANCER,ICD_10,2023,C212
COB,CANCER,CANCER,ICD_10,2023,C218
COB,CANCER,CANCER,ICD_10,2023,C220
COB,CANCER,CANCER,ICD_10,2023,C221
COB,CANCER,CANCER,ICD_10,2023,C222
COB,CANCER,CANCER,ICD_10,2023,C223
COB,CANCER,CANCER,ICD_10,2023,C224
COB,CANCER,CANCER,ICD_10,2023,C227
COB,CANCER,CANCER,ICD_10,2023,C228
COB,CANCER,CANCER,ICD_10,2023,C229
COB,CANCER,CANCER,ICD_10,2023,C23
COB,CANCER,CANCER,ICD_10,2023,C240
COB,CANCER,CANCER,ICD_10,2023,C241
COB,CANCER,CANCER,ICD_10,2023,C248
COB,CANCER,CANCER,ICD_10,2023,C249
COB,CANCER,CANCER,ICD_10,2023,C250
COB,CANCER,CANCER,ICD_10,2023,C251
COB,CANCER,CANCER,ICD_10,2023,C252
COB,CANCER,CANCER,ICD_10,2023,C253
COB,CANCER,CANCER,ICD_10,2023,C254
COB,CANCER,CANCER,ICD_10,2023,C257
COB,CANCER,CANCER,ICD_10,2023,C258
COB,CANCER,CANCER,ICD_10,2023,C259
COB,CANCER,CANCER,ICD_10,2023,C260
COB,CANCER,CANCER,ICD_10,2023,C261
COB,CANCER,CANCER,ICD_10,2023,C269
COB,CANCER,CANCER,ICD_10,2023,C300
COB,CANCER,CANCER,ICD_10,2023,C301
COB,CANCER,CANCER,ICD_10,2023,C310
COB,CANCER,CANCER,ICD_10,2023,C311
COB,CANCER,CANCER,ICD_10,2023,C312
COB,CANCER,CANCER,ICD_10,2023,C313
COB,CANCER,CANCER,ICD_10,2023,C318
COB,CANCER,CANCER,ICD_10,2023,C319
COB,CANCER,CANCER,ICD_10,2023,C320
COB,CANCER,CANCER,ICD_10,2023,C321
COB,CANCER,CANCER,ICD_10,2023,C322
COB,CANCER,CANCER,ICD_10,2023,C323
COB,CANCER,CANCER,ICD_10,2023,C328
COB,CANCER,CANCER,ICD_10,2023,C329
COB,CANCER,CANCER,ICD_10,2023,C33
COB,CANCER,CANCER,ICD_10,2023,C3400
COB,CANCER,CANCER,ICD_10,2023,C3401
COB,CANCER,CANCER,ICD_10,2023,C3402
COB,CANCER,CANCER,ICD_10,2023,C3410
COB,CANCER,CANCER,ICD_10,2023,C3411
COB,CANCER,CANCER,ICD_10,2023,C3412
COB,CANCER,CANCER,ICD_10,2023,C342
COB,CANCER,CANCER,ICD_10,2023,C3430
COB,CANCER,CANCER,ICD_10,2023,C3431
COB,CANCER,CANCER,ICD_10,2023,C3432
COB,CANCER,CANCER,ICD_10,2023,C3480
COB,CANCER,CANCER,ICD_10,2023,C3481
COB,CANCER,CANCER,ICD_10,2023,C3482
COB,CANCER,CANCER,ICD_10,2023,C3490
COB,CANCER,CANCER,ICD_10,2023,C3491
COB,CANCER,CANCER,ICD_10,2023,C3492
COB,CANCER,CANCER,ICD_10,2023,C37
COB,CANCER,CANCER,ICD_10,2023,C380
COB,CANCER,CANCER,ICD_10,2023,C381
COB,CANCER,CANCER,ICD_10,2023,C382
COB,CANCER,CANCER,ICD_10,2023,C383
COB,CANCER,CANCER,ICD_10,2023,C384
COB,CANCER,CANCER,ICD_10,2023,C388
COB,CANCER,CANCER,ICD_10,2023,C390
COB,CANCER,CANCER,ICD_10,2023,C399
COB,CANCER,CANCER,ICD_10,2023,C4000
COB,CANCER,CANCER,ICD_10,2023,C4001
COB,CANCER,CANCER,ICD_10,2023,C4002
COB,CANCER,CANCER,ICD_10,2023,C4010
COB,CANCER,CANCER,ICD_10,2023,C4011
COB,CANCER,CANCER,ICD_10,2023,C4012
COB,CANCER,CANCER,ICD_10,2023,C4020
COB,CANCER,CANCER,ICD_10,2023,C4021
COB,CANCER,CANCER,ICD_10,2023,C4022
COB,CANCER,CANCER,ICD_10,2023,C4030
COB,CANCER,CANCER,ICD_10,2023,C4031
COB,CANCER,CANCER,ICD_10,2023,C4032
COB,CANCER,CANCER,ICD_10,2023,C4080
COB,CANCER,CANCER,ICD_10,2023,C4081
COB,CANCER,CANCER,ICD_10,2023,C4082
COB,CANCER,CANCER,ICD_10,2023,C4090
COB,CANCER,CANCER,ICD_10,2023,C4091
COB,CANCER,CANCER,ICD_10,2023,C4092
COB,CANCER,CANCER,ICD_10,2023,C410
COB,CANCER,CANCER,ICD_10,2023,C411
COB,CANCER,CANCER,ICD_10,2023,C412
COB,CANCER,CANCER,ICD_10,2023,C413
COB,CANCER,CANCER,ICD_10,2023,C414
COB,CANCER,CANCER,ICD_10,2023,C419
COB,CANCER,CANCER,ICD_10,2023,C430
COB,CANCER,CANCER,ICD_10,2023,C4310
COB,CANCER,CANCER,ICD_10,2023,C43111
COB,CANCER,CANCER,ICD_10,2023,C43112
COB,CANCER,CANCER,ICD_10,2023,C43121
COB,CANCER,CANCER,ICD_10,2023,C43122
COB,CANCER,CANCER,ICD_10,2023,C4320
COB,CANCER,CANCER,ICD_10,2023,C4321
COB,CANCER,CANCER,ICD_10,2023,C4322
COB,CANCER,CANCER,ICD_10,2023,C4330
COB,CANCER,CANCER,ICD_10,2023,C4331
COB,CANCER,CANCER,ICD_10,2023,C4339
COB,CANCER,CANCER,ICD_10,2023,C434
COB,CANCER,CANCER,ICD_10,2023,C4351
COB,CANCER,CANCER,ICD_10,2023,C4352
COB,CANCER,CANCER,ICD_10,2023,C4359
COB,CANCER,CANCER,ICD_10,2023,C4360
COB,CANCER,CANCER,ICD_10,2023,C4361
COB,CANCER,CANCER,ICD_10,2023,C4362
COB,CANCER,CANCER,ICD_10,2023,C4370
COB,CANCER,CANCER,ICD_10,2023,C4371
COB,CANCER,CANCER,ICD_10,2023,C4372
COB,CANCER,CANCER,ICD_10,2023,C438
COB,CANCER,CANCER,ICD_10,2023,C439
COB,CANCER,CANCER,ICD_10,2023,C450
COB,CANCER,CANCER,ICD_10,2023,C451
COB,CANCER,CANCER,ICD_10,2023,C452
COB,CANCER,CANCER,ICD_10,2023,C457
COB,CANCER,CANCER,ICD_10,2023,C459
COB,CANCER,CANCER,ICD_10,2023,C460
COB,CANCER,CANCER,ICD_10,2023,C461
COB,CANCER,CANCER,ICD_10,2023,C462
COB,CANCER,CANCER,ICD_10,2023,C463
COB,CANCER,CANCER,ICD_10,2023,C464
COB,CANCER,CANCER,ICD_10,2023,C4650
COB,CANCER,CANCER,ICD_10,2023,C4651
COB,CANCER,CANCER,ICD_10,2023,C4652
COB,CANCER,CANCER,ICD_10,2023,C467
COB,CANCER,CANCER,ICD_10,2023,C469
COB,CANCER,CANCER,ICD_10,2023,C470
COB,CANCER,CANCER,ICD_10,2023,C4710
COB,CANCER,CANCER,ICD_10,2023,C4711
COB,CANCER,CANCER,ICD_10,2023,C4712
COB,CANCER,CANCER,ICD_10,2023,C4720
COB,CANCER,CANCER,ICD_10,2023,C4721
COB,CANCER,CANCER,ICD_10,2023,C4722
COB,CANCER,CANCER,ICD_10,2023,C473
COB,CANCER,CANCER,ICD_10,2023,C474
COB,CANCER,CANCER,ICD_10,2023,C475
COB,CANCER,CANCER,ICD_10,2023,C476
COB,CANCER,CANCER,ICD_10,2023,C478
COB,CANCER,CANCER,ICD_10,2023,C479
COB,CANCER,CANCER,ICD_10,2023,C480
COB,CANCER,CANCER,ICD_10,2023,C481
COB,CANCER,CANCER,ICD_10,2023,C482
COB,CANCER,CANCER,ICD_10,2023,C488
COB,CANCER,CANCER,ICD_10,2023,C490
COB,CANCER,CANCER,ICD_10,2023,C4910
COB,CANCER,CANCER,ICD_10,2023,C4911
COB,CANCER,CANCER,ICD_10,2023,C4912
COB,CANCER,CANCER,ICD_10,2023,C4920
COB,CANCER,CANCER,ICD_10,2023,C4921
COB,CANCER,CANCER,ICD_10,2023,C4922
COB,CANCER,CANCER,ICD_10,2023,C493
COB,CANCER,CANCER,ICD_10,2023,C494
COB,CANCER,CANCER,ICD_10,2023,C495
COB,CANCER,CANCER,ICD_10,2023,C496
COB,CANCER,CANCER,ICD_10,2023,C498
COB,CANCER,CANCER,ICD_10,2023,C499
COB,CANCER,CANCER,ICD_10,2023,C49A0
COB,CANCER,CANCER,ICD_10,2023,C49A1
COB,CANCER,CANCER,ICD_10,2023,C49A2
COB,CANCER,CANCER,ICD_10,2023,C49A3
COB,CANCER,CANCER,ICD_10,2023,C49A4
COB,CANCER,CANCER,ICD_10,2023,C49A5
COB,CANCER,CANCER,ICD_10,2023,C49A9
COB,CANCER,CANCER,ICD_10,2023,C4A0
COB,CANCER,CANCER,ICD_10,2023,C4A10
COB,CANCER,CANCER,ICD_10,2023,C4A111
COB,CANCER,CANCER,ICD_10,2023,C4A112
COB,CANCER,CANCER,ICD_10,2023,C4A121
COB,CANCER,CANCER,ICD_10,2023,C4A122
COB,CANCER,CANCER,ICD_10,2023,C4A20
COB,CANCER,CANCER,ICD_10,2023,C4A21
COB,CANCER,CANCER,ICD_10,2023,C4A22
COB,CANCER,CANCER,ICD_10,2023,C4A30
COB,CANCER,CANCER,ICD_10,2023,C4A31
COB,CANCER,CANCER,ICD_10,2023,C4A39
COB,CANCER,CANCER,ICD_10,2023,C4A4
COB,CANCER,CANCER,ICD_10,2023,C4A51
COB,CANCER,CANCER,ICD_10,2023,C4A52
COB,CANCER,CANCER,ICD_10,2023,C4A59
COB,CANCER,CANCER,ICD_10,2023,C4A60
COB,CANCER,CANCER,ICD_10,2023,C4A61
COB,CANCER,CANCER,ICD_10,2023,C4A62
COB,CANCER,CANCER,ICD_10,2023,C4A70
COB,CANCER,CANCER,ICD_10,2023,C4A71
COB,CANCER,CANCER,ICD_10,2023,C4A72
COB,CANCER,CANCER,ICD_10,2023,C4A8
COB,CANCER,CANCER,ICD_10,2023,C4A9
COB,CANCER,CANCER,ICD_10,2023,C50011
COB,CANCER,CANCER,ICD_10,2023,C50012
COB,CANCER,CANCER,ICD_10,2023,C50019
COB,CANCER,CANCER,ICD_10,2023,C50021
COB,CANCER,CANCER,ICD_10,2023,C50022
COB,CANCER,CANCER,ICD_10,2023,C50029
COB,CANCER,CANCER,ICD_10,2023,C50111
COB,CANCER,CANCER,ICD_10,2023,C50112
COB,CANCER,CANCER,ICD_10,2023,C50119
COB,CANCER,CANCER,ICD_10,2023,C50121
COB,CANCER,CANCER,ICD_10,2023,C50122
COB,CANCER,CANCER,ICD_10,2023,C50129
COB,CANCER,CANCER,ICD_10,2023,C50211
COB,CANCER,CANCER,ICD_10,2023,C50212
COB,CANCER,CANCER,ICD_10,2023,C50219
COB,CANCER,CANCER,ICD_10,2023,C50221
COB,CANCER,CANCER,ICD_10,2023,C50222
COB,CANCER,CANCER,ICD_10,2023,C50229
COB,CANCER,CANCER,ICD_10,2023,C50311
COB,CANCER,CANCER,ICD_10,2023,C50312
COB,CANCER,CANCER,ICD_10,2023,C50319
COB,CANCER,CANCER,ICD_10,2023,C50321
COB,CANCER,CANCER,ICD_10,2023,C50322
COB,CANCER,CANCER,ICD_10,2023,C50329
COB,CANCER,CANCER,ICD_10,2023,C50411
COB,CANCER,CANCER,ICD_10,2023,C50412
COB,CANCER,CANCER,ICD_10,2023,C50419
COB,CANCER,CANCER,ICD_10,2023,C50421
COB,CANCER,CANCER,ICD_10,2023,C50422
COB,CANCER,CANCER,ICD_10,2023,C50429
COB,CANCER,CANCER,ICD_10,2023,C50511
COB,CANCER,CANCER,ICD_10,2023,C50512
COB,CANCER,CANCER,ICD_10,2023,C50519
COB,CANCER,CANCER,ICD_10,2023,C50521
COB,CANCER,CANCER,ICD_10,2023,C50522
COB,CANCER,CANCER,ICD_10,2023,C50529
COB,CANCER,CANCER,ICD_10,2023,C50611
COB,CANCER,CANCER,ICD_10,2023,C50612
COB,CANCER,CANCER,ICD_10,2023,C50619
COB,CANCER,CANCER,ICD_10,2023,C50621
COB,CANCER,CANCER,ICD_10,2023,C50622
COB,CANCER,CANCER,ICD_10,2023,C50629
COB,CANCER,CANCER,ICD_10,2023,C50811
COB,CANCER,CANCER,ICD_10,2023,C50812
COB,CANCER,CANCER,ICD_10,2023,C50819
COB,CANCER,CANCER,ICD_10,2023,C50821
COB,CANCER,CANCER,ICD_10,2023,C50822
COB,CANCER,CANCER,ICD_10,2023,C50829
COB,CANCER,CANCER,ICD_10,2023,C50911
COB,CANCER,CANCER,ICD_10,2023,C50912
COB,CANCER,CANCER,ICD_10,2023,C50919
COB,CANCER,CANCER,ICD_10,2023,C50921
COB,CANCER,CANCER,ICD_10,2023,C50922
COB,CANCER,CANCER,ICD_10,2023,C50929
COB,CANCER,CANCER,ICD_10,2023,C510
COB,CANCER,CANCER,ICD_10,2023,C511
COB,CANCER,CANCER,ICD_10,2023,C512
COB,CANCER,CANCER,ICD_10,2023,C518
COB,CANCER,CANCER,ICD_10,2023,C519
COB,CANCER,CANCER,ICD_10,2023,C52
COB,CANCER,CANCER,ICD_10,2023,C530
COB,CANCER,CANCER,ICD_10,2023,C531
COB,CANCER,CANCER,ICD_10,2023,C538
COB,CANCER,CANCER,ICD_10,2023,C539
COB,CANCER,CANCER,ICD_10,2023,C540
COB,CANCER,CANCER,ICD_10,2023,C541
COB,CANCER,CANCER,ICD_10,2023,C542
COB,CANCER,CANCER,ICD_10,2023,C543
COB,CANCER,CANCER,ICD_10,2023,C548
COB,CANCER,CANCER,ICD_10,2023,C549
COB,CANCER,CANCER,ICD_10,2023,C55
COB,CANCER,CANCER,ICD_10,2023,C561
COB,CANCER,CANCER,ICD_10,2023,C562
COB,CANCER,CANCER,ICD_10,2023,C563
COB,CANCER,CANCER,ICD_10,2023,C569
COB,CANCER,CANCER,ICD_10,2023,C5700
COB,CANCER,CANCER,ICD_10,2023,C5701
COB,CANCER,CANCER,ICD_10,2023,C5702
COB,CANCER,CANCER,ICD_10,2023,C5710
COB,CANCER,CANCER,ICD_10,2023,C5711
COB,CANCER,CANCER,ICD_10,2023,C5712
COB,CANCER,CANCER,ICD_10,2023,C5720
COB,CANCER,CANCER,ICD_10,2023,C5721
COB,CANCER,CANCER,ICD_10,2023,C5722
COB,CANCER,CANCER,ICD_10,2023,C573
COB,CANCER,CANCER,ICD_10,2023,C574
COB,CANCER,CANCER,ICD_10,2023,C577
COB,CANCER,CANCER,ICD_10,2023,C578
COB,CANCER,CANCER,ICD_10,2023,C579
COB,CANCER,CANCER,ICD_10,2023,C58
COB,CANCER,CANCER,ICD_10,2023,C600
COB,CANCER,CANCER,ICD_10,2023,C601
COB,CANCER,CANCER,ICD_10,2023,C602
COB,CANCER,CANCER,ICD_10,2023,C608
COB,CANCER,CANCER,ICD_10,2023,C609
COB,CANCER,CANCER,ICD_10,2023,C61
COB,CANCER,CANCER,ICD_10,2023,C6200
COB,CANCER,CANCER,ICD_10,2023,C6201
COB,CANCER,CANCER,ICD_10,2023,C6202
COB,CANCER,CANCER,ICD_10,2023,C6210
COB,CANCER,CANCER,ICD_10,2023,C6211
COB,CANCER,CANCER,ICD_10,2023,C6212
COB,CANCER,CANCER,ICD_10,2023,C6290
COB,CANCER,CANCER,ICD_10,2023,C6291
COB,CANCER,CANCER,ICD_10,2023,C6292
COB,CANCER,CANCER,ICD_10,2023,C6300
COB,CANCER,CANCER,ICD_10,2023,C6301
COB,CANCER,CANCER,ICD_10,2023,C6302
COB,CANCER,CANCER,ICD_10,2023,C6310
COB,CANCER,CANCER,ICD_10,2023,C6311
COB,CANCER,CANCER,ICD_10,2023,C6312
COB,CANCER,CANCER,ICD_10,2023,C632
COB,CANCER,CANCER,ICD_10,2023,C637
COB,CANCER,CANCER,ICD_10,2023,C638
COB,CANCER,CANCER,ICD_10,2023,C639
COB,CANCER,CANCER,ICD_10,2023,C641
COB,CANCER,CANCER,ICD_10,2023,C642
COB,CANCER,CANCER,ICD_10,2023,C649
COB,CANCER,CANCER,ICD_10,2023,C651
COB,CANCER,CANCER,ICD_10,2023,C652
COB,CANCER,CANCER,ICD_10,2023,C659
COB,CANCER,CANCER,ICD_10,2023,C661
COB,CANCER,CANCER,ICD_10,2023,C662
COB,CANCER,CANCER,ICD_10,2023,C669
COB,CANCER,CANCER,ICD_10,2023,C670
COB,CANCER,CANCER,ICD_10,2023,C671
COB,CANCER,CANCER,ICD_10,2023,C672
COB,CANCER,CANCER,ICD_10,2023,C673
COB,CANCER,CANCER,ICD_10,2023,C674
COB,CANCER,CANCER,ICD_10,2023,C675
COB,CANCER,CANCER,ICD_10,2023,C676
COB,CANCER,CANCER,ICD_10,2023,C677
COB,CANCER,CANCER,ICD_10,2023,C678
COB,CANCER,CANCER,ICD_10,2023,C679
COB,CANCER,CANCER,ICD_10,2023,C680
COB,CANCER,CANCER,ICD_10,2023,C681
COB,CANCER,CANCER,ICD_10,2023,C688
COB,CANCER,CANCER,ICD_10,2023,C689
COB,CANCER,CANCER,ICD_10,2023,C6900
COB,CANCER,CANCER,ICD_10,2023,C6901
COB,CANCER,CANCER,ICD_10,2023,C6902
COB,CANCER,CANCER,ICD_10,2023,C6910
COB,CANCER,CANCER,ICD_10,2023,C6911
COB,CANCER,CANCER,ICD_10,2023,C6912
COB,CANCER,CANCER,ICD_10,2023,C6920
COB,CANCER,CANCER,ICD_10,2023,C6921
COB,CANCER,CANCER,ICD_10,2023,C6922
COB,CANCER,CANCER,ICD_10,2023,C6930
COB,CANCER,CANCER,ICD_10,2023,C6931
COB,CANCER,CANCER,ICD_10,2023,C6932
COB,CANCER,CANCER,ICD_10,2023,C6940
COB,CANCER,CANCER,ICD_10,2023,C6941
COB,CANCER,CANCER,ICD_10,2023,C6942
COB,CANCER,CANCER,ICD_10,2023,C6950
COB,CANCER,CANCER,ICD_10,2023,C6951
COB,CANCER,CANCER,ICD_10,2023,C6952
COB,CANCER,CANCER,ICD_10,2023,C6960
COB,CANCER,CANCER,ICD_10,2023,C6961
COB,CANCER,CANCER,ICD_10,2023,C6962
COB,CANCER,CANCER,ICD_10,2023,C6980
COB,CANCER,CANCER,ICD_10,2023,C6981
COB,CANCER,CANCER,ICD_10,2023,C6982
COB,CANCER,CANCER,ICD_10,2023,C6990
COB,CANCER,CANCER,ICD_10,2023,C6991
COB,CANCER,CANCER,ICD_10,2023,C6992
COB,CANCER,CANCER,ICD_10,2023,C700
COB,CANCER,CANCER,ICD_10,2023,C701
COB,CANCER,CANCER,ICD_10,2023,C709
COB,CANCER,CANCER,ICD_10,2023,C710
COB,CANCER,CANCER,ICD_10,2023,C711
COB,CANCER,CANCER,ICD_10,2023,C712
COB,CANCER,CANCER,ICD_10,2023,C713
COB,CANCER,CANCER,ICD_10,2023,C714
COB,CANCER,CANCER,ICD_10,2023,C715
COB,CANCER,CANCER,ICD_10,2023,C716
COB,CANCER,CANCER,ICD_10,2023,C717
COB,CANCER,CANCER,ICD_10,2023,C718
COB,CANCER,CANCER,ICD_10,2023,C719
COB,CANCER,CANCER,ICD_10,2023,C720
COB,CANCER,CANCER,ICD_10,2023,C721
COB,CANCER,CANCER,ICD_10,2023,C7220
COB,CANCER,CANCER,ICD_10,2023,C7221
COB,CANCER,CANCER,ICD_10,2023,C7222
COB,CANCER,CANCER,ICD_10,2023,C7230
COB,CANCER,CANCER,ICD_10,2023,C7231
COB,CANCER,CANCER,ICD_10,2023,C7232
COB,CANCER,CANCER,ICD_10,2023,C7240
COB,CANCER,CANCER,ICD_10,2023,C7241
COB,CANCER,CANCER,ICD_10,2023,C7242
COB,CANCER,CANCER,ICD_10,2023,C7250
COB,CANCER,CANCER,ICD_10,2023,C7259
COB,CANCER,CANCER,ICD_10,2023,C729
COB,CANCER,CANCER,ICD_10,2023,C73
COB,CANCER,CANCER,ICD_10,2023,C7400
COB,CANCER,CANCER,ICD_10,2023,C7401
COB,CANCER,CANCER,ICD_10,2023,C7402
COB,CANCER,CANCER,ICD_10,2023,C7410
COB,CANCER,CANCER,ICD_10,2023,C7411
COB,CANCER,CANCER,ICD_10,2023,C7412
COB,CANCER,CANCER,ICD_10,2023,C7490
COB,CANCER,CANCER,ICD_10,2023,C7491
COB,CANCER,CANCER,ICD_10,2023,C7492
COB,CANCER,CANCER,ICD_10,2023,C750
COB,CANCER,CANCER,ICD_10,2023,C751
COB,CANCER,CANCER,ICD_10,2023,C752
COB,CANCER,CANCER,ICD_10,2023,C753
COB,CANCER,CANCER,ICD_10,2023,C754
COB,CANCER,CANCER,ICD_10,2023,C755
COB,CANCER,CANCER,ICD_10,2023,C758
COB,CANCER,CANCER,ICD_10,2023,C759
COB,CANCER,CANCER,ICD_10,2023,C760
COB,CANCER,CANCER,ICD_10,2023,C761
COB,CANCER,CANCER,ICD_10,2023,C762
COB,CANCER,CANCER,ICD_10,2023,C763
COB,CANCER,CANCER,ICD_10,2023,C7640
COB,CANCER,CANCER,ICD_10,2023,C7641
COB,CANCER,CANCER,ICD_10,2023,C7642
COB,CANCER,CANCER,ICD_10,2023,C7650
COB,CANCER,CANCER,ICD_10,2023,C7651
COB,CANCER,CANCER,ICD_10,2023,C7652
COB,CANCER,CANCER,ICD_10,2023,C768
COB,CANCER,CANCER,ICD_10,2023,C770
COB,CANCER,CANCER,ICD_10,2023,C771
COB,CANCER,CANCER,ICD_10,2023,C772
COB,CANCER,CANCER,ICD_10,2023,C773
COB,CANCER,CANCER,ICD_10,2023,C774
COB,CANCER,CANCER,ICD_10,2023,C775
COB,CANCER,CANCER,ICD_10,2023,C778
COB,CANCER,CANCER,ICD_10,2023,C779
COB,CANCER,CANCER,ICD_10,2023,C7800
COB,CANCER,CANCER,ICD_10,2023,C7801
COB,CANCER,CANCER,ICD_10,2023,C7802
COB,CANCER,CANCER,ICD_10,2023,C781
COB,CANCER,CANCER,ICD_10,2023,C782
COB,CANCER,CANCER,ICD_10,2023,C7830
COB,CANCER,CANCER,ICD_10,2023,C7839
COB,CANCER,CANCER,ICD_10,2023,C784
COB,CANCER,CANCER,ICD_10,2023,C785
COB,CANCER,CANCER,ICD_10,2023,C786
COB,CANCER,CANCER,ICD_10,2023,C787
COB,CANCER,CANCER,ICD_10,2023,C7880
COB,CANCER,CANCER,ICD_10,2023,C7889
COB,CANCER,CANCER,ICD_10,2023,C7900
COB,CANCER,CANCER,ICD_10,2023,C7901
COB,CANCER,CANCER,ICD_10,2023,C7902
COB,CANCER,CANCER,ICD_10,2023,C7910
COB,CANCER,CANCER,ICD_10,2023,C7911
COB,CANCER,CANCER,ICD_10,2023,C7919
COB,CANCER,CANCER,ICD_10,2023,C792
COB,CANCER,CANCER,ICD_10,2023,C7931
COB,CANCER,CANCER,ICD_10,2023,C7932
COB,CANCER,CANCER,ICD_10,2023,C7940
COB,CANCER,CANCER,ICD_10,2023,C7949
COB,CANCER,CANCER,ICD_10,2023,C7951
COB,CANCER,CANCER,ICD_10,2023,C7952
COB,CANCER,CANCER,ICD_10,2023,C7960
COB,CANCER,CANCER,ICD_10,2023,C7961
COB,CANCER,CANCER,ICD_10,2023,C7962
COB,CANCER,CANCER,ICD_10,2023,C7963
COB,CANCER,CANCER,ICD_10,2023,C7970
COB,CANCER,CANCER,ICD_10,2023,C7971
COB,CANCER,CANCER,ICD_10,2023,C7972
COB,CANCER,CANCER,ICD_10,2023,C7981
COB,CANCER,CANCER,ICD_10,2023,C7982
COB,CANCER,CANCER,ICD_10,2023,C7989
COB,CANCER,CANCER,ICD_10,2023,C799
COB,CANCER,CANCER,ICD_10,2023,C7A00
COB,CANCER,CANCER,ICD_10,2023,C7A010
COB,CANCER,CANCER,ICD_10,2023,C7A011
COB,CANCER,CANCER,ICD_10,2023,C7A012
COB,CANCER,CANCER,ICD_10,2023,C7A019
COB,CANCER,CANCER,ICD_10,2023,C7A020
COB,CANCER,CANCER,ICD_10,2023,C7A021
COB,CANCER,CANCER,ICD_10,2023,C7A022
COB,CANCER,CANCER,ICD_10,2023,C7A023
COB,CANCER,CANCER,ICD_10,2023,C7A024
COB,CANCER,CANCER,ICD_10,2023,C7A025
COB,CANCER,CANCER,ICD_10,2023,C7A026
COB,CANCER,CANCER,ICD_10,2023,C7A029
COB,CANCER,CANCER,ICD_10,2023,C7A090
COB,CANCER,CANCER,ICD_10,2023,C7A091
COB,CANCER,CANCER,ICD_10,2023,C7A092
COB,CANCER,CANCER,ICD_10,2023,C7A093
COB,CANCER,CANCER,ICD_10,2023,C7A094
COB,CANCER,CANCER,ICD_10,2023,C7A095
COB,CANCER,CANCER,ICD_10,2023,C7A096
COB,CANCER,CANCER,ICD_10,2023,C7A098
COB,CANCER,CANCER,ICD_10,2023,C7A1
COB,CANCER,CANCER,ICD_10,2023,C7A8
COB,CANCER,CANCER,ICD_10,2023,C7B00
COB,CANCER,CANCER,ICD_10,2023,C7B01
COB,CANCER,CANCER,ICD_10,2023,C7B02
COB,CANCER,CANCER,ICD_10,2023,C7B03
COB,CANCER,CANCER,ICD_10,2023,C7B04
COB,CANCER,CANCER,ICD_10,2023,C7B09
COB,CANCER,CANCER,ICD_10,2023,C7B1
COB,CANCER,CANCER,ICD_10,2023,C7B8
COB,CANCER,CANCER,ICD_10,2023,C800
COB,CANCER,CANCER,ICD_10,2023,C801
COB,CANCER,CANCER,ICD_10,2023,C802
COB,CANCER,CANCER,ICD_10,2023,C8100
COB,CANCER,CANCER,ICD_10,2023,C8101
COB,CANCER,CANCER,ICD_10,2023,C8102
COB,CANCER,CANCER,ICD_10,2023,C8103
COB,CANCER,CANCER,ICD_10,2023,C8104
COB,CANCER,CANCER,ICD_10,2023,C8105
COB,CANCER,CANCER,ICD_10,2023,C8106
COB,CANCER,CANCER,ICD_10,2023,C8107
COB,CANCER,CANCER,ICD_10,2023,C8108
COB,CANCER,CANCER,ICD_10,2023,C8109
COB,CANCER,CANCER,ICD_10,2024,C810A
COB,CANCER,CANCER,ICD_10,2023,C8110
COB,CANCER,CANCER,ICD_10,2023,C8111
COB,CANCER,CANCER,ICD_10,2023,C8112
COB,CANCER,CANCER,ICD_10,2023,C8113
COB,CANCER,CANCER,ICD_10,2023,C8114
COB,CANCER,CANCER,ICD_10,2023,C8115
COB,CANCER,CANCER,ICD_10,2023,C8116
COB,CANCER,CANCER,ICD_10,2023,C8117
COB,CANCER,CANCER,ICD_10,2023,C8118
COB,CANCER,CANCER,ICD_10,2023,C8119
COB,CANCER,CANCER,ICD_10,2024,C811A
COB,CANCER,CANCER,ICD_10,2023,C8120
COB,CANCER,CANCER,ICD_10,2023,C8121
COB,CANCER,CANCER,ICD_10,2023,C8122
COB,CANCER,CANCER,ICD_10,2023,C8123
COB,CANCER,CANCER,ICD_10,2023,C8124
COB,CANCER,CANCER,ICD_10,2023,C8125
COB,CANCER,CANCER,ICD_10,2023,C8126
COB,CANCER,CANCER,ICD_10,2023,C8127
COB,CANCER,CANCER,ICD_10,2023,C8128
COB,CANCER,CANCER,ICD_10,2023,C8129
COB,CANCER,CANCER,ICD_10,2024,C812A
COB,CANCER,CANCER,ICD_10,2023,C8130
COB,CANCER,CANCER,ICD_10,2023,C8131
COB,CANCER,CANCER,ICD_10,2023,C8132
COB,CANCER,CANCER,ICD_10,2023,C8133
COB,CANCER,CANCER,ICD_10,2023,C8134
COB,CANCER,CANCER,ICD_10,2023,C8135
COB,CANCER,CANCER,ICD_10,2023,C8136
COB,CANCER,CANCER,ICD_10,2023,C8137
COB,CANCER,CANCER,ICD_10,2023,C8138
COB,CANCER,CANCER,ICD_10,2023,C8139
COB,CANCER,CANCER,ICD_10,2024,C813A
COB,CANCER,CANCER,ICD_10,2023,C8140
COB,CANCER,CANCER,ICD_10,2023,C8141
COB,CANCER,CANCER,ICD_10,2023,C8142
COB,CANCER,CANCER,ICD_10,2023,C8143
COB,CANCER,CANCER,ICD_10,2023,C8144
COB,CANCER,CANCER,ICD_10,2023,C8145
COB,CANCER,CANCER,ICD_10,2023,C8146
COB,CANCER,CANCER,ICD_10,2023,C8147
COB,CANCER,CANCER,ICD_10,2023,C8148
COB,CANCER,CANCER,ICD_10,2023,C8149
COB,CANCER,CANCER,ICD_10,2024,C814A
COB,CANCER,CANCER,ICD_10,2023,C8170
COB,CANCER,CANCER,ICD_10,2023,C8171
COB,CANCER,CANCER,ICD_10,2023,C8172
COB,CANCER,CANCER,ICD_10,2023,C8173
COB,CANCER,CANCER,ICD_10,2023,C8174
COB,CANCER,CANCER,ICD_10,2023,C8175
COB,CANCER,CANCER,ICD_10,2023,C8176
COB,CANCER,CANCER,ICD_10,2023,C8177
COB,CANCER,CANCER,ICD_10,2023,C8178
COB,CANCER,CANCER,ICD_10,2023,C8179
COB,CANCER,CANCER,ICD_10,2024,C817A
COB,CANCER,CANCER,ICD_10,2023,C8190
COB,CANCER,CANCER,ICD_10,2023,C8191
COB,CANCER,CANCER,ICD_10,2023,C8192
COB,CANCER,CANCER,ICD_10,2023,C8193
COB,CANCER,CANCER,ICD_10,2023,C8194
COB,CANCER,CANCER,ICD_10,2023,C8195
COB,CANCER,CANCER,ICD_10,2023,C8196
COB,CANCER,CANCER,ICD_10,2023,C8197
COB,CANCER,CANCER,ICD_10,2023,C8198
COB,CANCER,CANCER,ICD_10,2023,C8199
COB,CANCER,CANCER,ICD_10,2024,C819A
COB,CANCER,CANCER,ICD_10,2023,C8200
COB,CANCER,CANCER,ICD_10,2023,C8201
COB,CANCER,CANCER,ICD_10,2023,C8202
COB,CANCER,CANCER,ICD_10,2023,C8203
COB,CANCER,CANCER,ICD_10,2023,C8204
COB,CANCER,CANCER,ICD_10,2023,C8205
COB,CANCER,CANCER,ICD_10,2023,C8206
COB,CANCER,CANCER,ICD_10,2023,C8207
COB,CANCER,CANCER,ICD_10,2023,C8208
COB,CANCER,CANCER,ICD_10,2023,C8209
COB,CANCER,CANCER,ICD_10,2024,C820A
COB,CANCER,CANCER,ICD_10,2023,C8210
COB,CANCER,CANCER,ICD_10,2023,C8211
COB,CANCER,CANCER,ICD_10,2023,C8212
COB,CANCER,CANCER,ICD_10,2023,C8213
COB,CANCER,CANCER,ICD_10,2023,C8214
COB,CANCER,CANCER,ICD_10,2023,C8215
COB,CANCER,CANCER,ICD_10,2023,C8216
COB,CANCER,CANCER,ICD_10,2023,C8217
COB,CANCER,CANCER,ICD_10,2023,C8218
COB,CANCER,CANCER,ICD_10,2023,C8219
COB,CANCER,CANCER,ICD_10,2024,C821A
COB,CANCER,CANCER,ICD_10,2023,C8220
COB,CANCER,CANCER,ICD_10,2023,C8221
COB,CANCER,CANCER,ICD_10,2023,C8222
COB,CANCER,CANCER,ICD_10,2023,C8223
COB,CANCER,CANCER,ICD_10,2023,C8224
COB,CANCER,CANCER,ICD_10,2023,C8225
COB,CANCER,CANCER,ICD_10,2023,C8226
COB,CANCER,CANCER,ICD_10,2023,C8227
COB,CANCER,CANCER,ICD_10,2023,C8228
COB,CANCER,CANCER,ICD_10,2023,C8229
COB,CANCER,CANCER,ICD_10,2024,C822A
COB,CANCER,CANCER,ICD_10,2023,C8230
COB,CANCER,CANCER,ICD_10,2023,C8231
COB,CANCER,CANCER,ICD_10,2023,C8232
COB,CANCER,CANCER,ICD_10,2023,C8233
COB,CANCER,CANCER,ICD_10,2023,C8234
COB,CANCER,CANCER,ICD_10,2023,C8235
COB,CANCER,CANCER,ICD_10,2023,C8236
COB,CANCER,CANCER,ICD_10,2023,C8237
COB,CANCER,CANCER,ICD_10,2023,C8238
COB,CANCER,CANCER,ICD_10,2023,C8239
COB,CANCER,CANCER,ICD_10,2024,C823A
COB,CANCER,CANCER,ICD_10,2023,C8240
COB,CANCER,CANCER,ICD_10,2023,C8241
COB,CANCER,CANCER,ICD_10,2023,C8242
COB,CANCER,CANCER,ICD_10,2023,C8243
COB,CANCER,CANCER,ICD_10,2023,C8244
COB,CANCER,CANCER,ICD_10,2023,C8245
COB,CANCER,CANCER,ICD_10,2023,C8246
COB,CANCER,CANCER,ICD_10,2023,C8247
COB,CANCER,CANCER,ICD_10,2023,C8248
COB,CANCER,CANCER,ICD_10,2023,C8249
COB,CANCER,CANCER,ICD_10,2024,C824A
COB,CANCER,CANCER,ICD_10,2023,C8250
COB,CANCER,CANCER,ICD_10,2023,C8251
COB,CANCER,CANCER,ICD_10,2023,C8252
COB,CANCER,CANCER,ICD_10,2023,C8253
COB,CANCER,CANCER,ICD_10,2023,C8254
COB,CANCER,CANCER,ICD_10,2023,C8255
COB,CANCER,CANCER,ICD_10,2023,C8256
COB,CANCER,CANCER,ICD_10,2023,C8257
COB,CANCER,CANCER,ICD_10,2023,C8258
COB,CANCER,CANCER,ICD_10,2023,C8259
COB,CANCER,CANCER,ICD_10,2024,C825A
COB,CANCER,CANCER,ICD_10,2023,C8260
COB,CANCER,CANCER,ICD_10,2023,C8261
COB,CANCER,CANCER,ICD_10,2023,C8262
COB,CANCER,CANCER,ICD_10,2023,C8263
COB,CANCER,CANCER,ICD_10,2023,C8264
COB,CANCER,CANCER,ICD_10,2023,C8265
COB,CANCER,CANCER,ICD_10,2023,C8266
COB,CANCER,CANCER,ICD_10,2023,C8267
COB,CANCER,CANCER,ICD_10,2023,C8268
COB,CANCER,CANCER,ICD_10,2023,C8269
COB,CANCER,CANCER,ICD_10,2024,C826A
COB,CANCER,CANCER,ICD_10,2023,C8280
COB,CANCER,CANCER,ICD_10,2023,C8281
COB,CANCER,CANCER,ICD_10,2023,C8282
COB,CANCER,CANCER,ICD_10,2023,C8283
COB,CANCER,CANCER,ICD_10,2023,C8284
COB,CANCER,CANCER,ICD_10,2023,C8285
COB,CANCER,CANCER,ICD_10,2023,C8286
COB,CANCER,CANCER,ICD_10,2023,C8287
COB,CANCER,CANCER,ICD_10,2023,C8288
COB,CANCER,CANCER,ICD_10,2023,C8289
COB,CANCER,CANCER,ICD_10,2024,C828A
COB,CANCER,CANCER,ICD_10,2023,C8290
COB,CANCER,CANCER,ICD_10,2023,C8291
COB,CANCER,CANCER,ICD_10,2023,C8292
COB,CANCER,CANCER,ICD_10,2023,C8293
COB,CANCER,CANCER,ICD_10,2023,C8294
COB,CANCER,CANCER,ICD_10,2023,C8295
COB,CANCER,CANCER,ICD_10,2023,C8296
COB,CANCER,CANCER,ICD_10,2023,C8297
COB,CANCER,CANCER,ICD_10,2023,C8298
COB,CANCER,CANCER,ICD_10,2023,C8299
COB,CANCER,CANCER,ICD_10,2024,C829A
COB,CANCER,CANCER,ICD_10,2023,C8300
COB,CANCER,CANCER,ICD_10,2023,C8301
COB,CANCER,CANCER,ICD_10,2023,C8302
COB,CANCER,CANCER,ICD_10,2023,C8303
COB,CANCER,CANCER,ICD_10,2023,C8304
COB,CANCER,CANCER,ICD_10,2023,C8305
COB,CANCER,CANCER,ICD_10,2023,C8306
COB,CANCER,CANCER,ICD_10,2023,C8307
COB,CANCER,CANCER,ICD_10,2023,C8308
COB,CANCER,CANCER,ICD_10,2023,C8309
COB,CANCER,CANCER,ICD_10,2024,C830A
COB,CANCER,CANCER,ICD_10,2023,C8310
COB,CANCER,CANCER,ICD_10,2023,C8311
COB,CANCER,CANCER,ICD_10,2023,C8312
COB,CANCER,CANCER,ICD_10,2023,C8313
COB,CANCER,CANCER,ICD_10,2023,C8314
COB,CANCER,CANCER,ICD_10,2023,C8315
COB,CANCER,CANCER,ICD_10,2023,C8316
COB,CANCER,CANCER,ICD_10,2023,C8317
COB,CANCER,CANCER,ICD_10,2023,C8318
COB,CANCER,CANCER,ICD_10,2023,C8319
COB,CANCER,CANCER,ICD_10,2024,C831A
COB,CANCER,CANCER,ICD_10,2023,C8330
COB,CANCER,CANCER,ICD_10,2023,C8331
COB,CANCER,CANCER,ICD_10,2023,C8332
COB,CANCER,CANCER,ICD_10,2023,C8333
COB,CANCER,CANCER,ICD_10,2023,C8334
COB,CANCER,CANCER,ICD_10,2023,C8335
COB,CANCER,CANCER,ICD_10,2023,C8336
COB,CANCER,CANCER,ICD_10,2023,C8337
COB,CANCER,CANCER,ICD_10,2023,C8338
COB,CANCER,CANCER,ICD_10,2023,C8339
COB,CANCER,CANCER,ICD_10,2024,C83390
COB,CANCER,CANCER,ICD_10,2024,C83398
COB,CANCER,CANCER,ICD_10,2024,C833A
COB,CANCER,CANCER,ICD_10,2023,C8350
COB,CANCER,CANCER,ICD_10,2023,C8351
COB,CANCER,CANCER,ICD_10,2023,C8352
COB,CANCER,CANCER,ICD_10,2023,C8353
COB,CANCER,CANCER,ICD_10,2023,C8354
COB,CANCER,CANCER,ICD_10,2023,C8355
COB,CANCER,CANCER,ICD_10,2023,C8356
COB,CANCER,CANCER,ICD_10,2023,C8357
COB,CANCER,CANCER,ICD_10,2023,C8358
COB,CANCER,CANCER,ICD_10,2023,C8359
COB,CANCER,CANCER,ICD_10,2024,C835A
COB,CANCER,CANCER,ICD_10,2023,C8370
COB,CANCER,CANCER,ICD_10,2023,C8371
COB,CANCER,CANCER,ICD_10,2023,C8372
COB,CANCER,CANCER,ICD_10,2023,C8373
COB,CANCER,CANCER,ICD_10,2023,C8374
COB,CANCER,CANCER,ICD_10,2023,C8375
COB,CANCER,CANCER,ICD_10,2023,C8376
COB,CANCER,CANCER,ICD_10,2023,C8377
COB,CANCER,CANCER,ICD_10,2023,C8378
COB,CANCER,CANCER,ICD_10,2023,C8379
COB,CANCER,CANCER,ICD_10,2024,C837A
COB,CANCER,CANCER,ICD_10,2023,C8380
COB,CANCER,CANCER,ICD_10,2023,C8381
COB,CANCER,CANCER,ICD_10,2023,C8382
COB,CANCER,CANCER,ICD_10,2023,C8383
COB,CANCER,CANCER,ICD_10,2023,C8384
COB,CANCER,CANCER,ICD_10,2023,C8385
COB,CANCER,CANCER,ICD_10,2023,C8386
COB,CANCER,CANCER,ICD_10,2023,C8387
COB,CANCER,CANCER,ICD_10,2023,C8388
COB,CANCER,CANCER,ICD_10,2023,C8389
COB,CANCER,CANCER,ICD_10,2024,C838A
COB,CANCER,CANCER,ICD_10,2023,C8390
COB,CANCER,CANCER,ICD_10,2023,C8391
COB,CANCER,CANCER,ICD_10,2023,C8392
COB,CANCER,CANCER,ICD_10,2023,C8393
COB,CANCER,CANCER,ICD_10,2023,C8394
COB,CANCER,CANCER,ICD_10,2023,C8395
COB,CANCER,CANCER,ICD_10,2023,C8396
COB,CANCER,CANCER,ICD_10,2023,C8397
COB,CANCER,CANCER,ICD_10,2023,C8398
COB,CANCER,CANCER,ICD_10,2023,C8399
COB,CANCER,CANCER,ICD_10,2024,C839A
COB,CANCER,CANCER,ICD_10,2023,C8400
COB,CANCER,CANCER,ICD_10,2023,C8401
COB,CANCER,CANCER,ICD_10,2023,C8402
COB,CANCER,CANCER,ICD_10,2023,C8403
COB,CANCER,CANCER,ICD_10,2023,C8404
COB,CANCER,CANCER,ICD_10,2023,C8405
COB,CANCER,CANCER,ICD_10,2023,C8406
COB,CANCER,CANCER,ICD_10,2023,C8407
COB,CANCER,CANCER,ICD_10,2023,C8408
COB,CANCER,CANCER,ICD_10,2023,C8409
COB,CANCER,CANCER,ICD_10,2024,C840A
COB,CANCER,CANCER,ICD_10,2023,C8410
COB,CANCER,CANCER,ICD_10,2023,C8411
COB,CANCER,CANCER,ICD_10,2023,C8412
COB,CANCER,CANCER,ICD_10,2023,C8413
COB,CANCER,CANCER,ICD_10,2023,C8414
COB,CANCER,CANCER,ICD_10,2023,C8415
COB,CANCER,CANCER,ICD_10,2023,C8416
COB,CANCER,CANCER,ICD_10,2023,C8417
COB,CANCER,CANCER,ICD_10,2023,C8418
COB,CANCER,CANCER,ICD_10,2023,C8419
COB,CANCER,CANCER,ICD_10,2024,C841A
COB,CANCER,CANCER,ICD_10,2023,C8440
COB,CANCER,CANCER,ICD_10,2023,C8441
COB,CANCER,CANCER,ICD_10,2023,C8442
COB,CANCER,CANCER,ICD_10,2023,C8443
COB,CANCER,CANCER,ICD_10,2023,C8444
COB,CANCER,CANCER,ICD_10,2023,C8445
COB,CANCER,CANCER,ICD_10,2023,C8446
COB,CANCER,CANCER,ICD_10,2023,C8447
COB,CANCER,CANCER,ICD_10,2023,C8448
COB,CANCER,CANCER,ICD_10,2023,C8449
COB,CANCER,CANCER,ICD_10,2024,C844A
COB,CANCER,CANCER,ICD_10,2023,C8460
COB,CANCER,CANCER,ICD_10,2023,C8461
COB,CANCER,CANCER,ICD_10,2023,C8462
COB,CANCER,CANCER,ICD_10,2023,C8463
COB,CANCER,CANCER,ICD_10,2023,C8464
COB,CANCER,CANCER,ICD_10,2023,C8465
COB,CANCER,CANCER,ICD_10,2023,C8466
COB,CANCER,CANCER,ICD_10,2023,C8467
COB,CANCER,CANCER,ICD_10,2023,C8468
COB,CANCER,CANCER,ICD_10,2023,C8469
COB,CANCER,CANCER,ICD_10,2024,C846A
COB,CANCER,CANCER,ICD_10,2023,C8470
COB,CANCER,CANCER,ICD_10,2023,C8471
COB,CANCER,CANCER,ICD_10,2023,C8472
COB,CANCER,CANCER,ICD_10,2023,C8473
COB,CANCER,CANCER,ICD_10,2023,C8474
COB,CANCER,CANCER,ICD_10,2023,C8475
COB,CANCER,CANCER,ICD_10,2023,C8476
COB,CANCER,CANCER,ICD_10,2023,C8477
COB,CANCER,CANCER,ICD_10,2023,C8478
COB,CANCER,CANCER,ICD_10,2023,C8479
COB,CANCER,CANCER,ICD_10,2023,C847A
COB,CANCER,CANCER,ICD_10,2024,C847B
COB,CANCER,CANCER,ICD_10,2023,C8490
COB,CANCER,CANCER,ICD_10,2023,C8491
COB,CANCER,CANCER,ICD_10,2023,C8492
COB,CANCER,CANCER,ICD_10,2023,C8493
COB,CANCER,CANCER,ICD_10,2023,C8494
COB,CANCER,CANCER,ICD_10,2023,C8495
COB,CANCER,CANCER,ICD_10,2023,C8496
COB,CANCER,CANCER,ICD_10,2023,C8497
COB,CANCER,CANCER,ICD_10,2023,C8498
COB,CANCER,CANCER,ICD_10,2023,C8499
COB,CANCER,CANCER,ICD_10,2024,C849A
COB,CANCER,CANCER,ICD_10,2023,C84A0
COB,CANCER,CANCER,ICD_10,2023,C84A1
COB,CANCER,CANCER,ICD_10,2023,C84A2
COB,CANCER,CANCER,ICD_10,2023,C84A3
COB,CANCER,CANCER,ICD_10,2023,C84A4
COB,CANCER,CANCER,ICD_10,2023,C84A5
COB,CANCER,CANCER,ICD_10,2023,C84A6
COB,CANCER,CANCER,ICD_10,2023,C84A7
COB,CANCER,CANCER,ICD_10,2023,C84A8
COB,CANCER,CANCER,ICD_10,2023,C84A9
COB,CANCER,CANCER,ICD_10,2024,C84AA
COB,CANCER,CANCER,ICD_10,2023,C84Z0
COB,CANCER,CANCER,ICD_10,2023,C84Z1
COB,CANCER,CANCER,ICD_10,2023,C84Z2
COB,CANCER,CANCER,ICD_10,2023,C84Z3
COB,CANCER,CANCER,ICD_10,2023,C84Z4
COB,CANCER,CANCER,ICD_10,2023,C84Z5
COB,CANCER,CANCER,ICD_10,2023,C84Z6
COB,CANCER,CANCER,ICD_10,2023,C84Z7
COB,CANCER,CANCER,ICD_10,2023,C84Z8
COB,CANCER,CANCER,ICD_10,2023,C84Z9
COB,CANCER,CANCER,ICD_10,2024,C84ZA
COB,CANCER,CANCER,ICD_10,2023,C8510
COB,CANCER,CANCER,ICD_10,2023,C8511
COB,CANCER,CANCER,ICD_10,2023,C8512
COB,CANCER,CANCER,ICD_10,2023,C8513
COB,CANCER,CANCER,ICD_10,2023,C8514
COB,CANCER,CANCER,ICD_10,2023,C8515
COB,CANCER,CANCER,ICD_10,2023,C8516
COB,CANCER,CANCER,ICD_10,2023,C8517
COB,CANCER,CANCER,ICD_10,2023,C8518
COB,CANCER,CANCER,ICD_10,2023,C8519
COB,CANCER,CANCER,ICD_10,2024,C851A
COB,CANCER,CANCER,ICD_10,2023,C8520
COB,CANCER,CANCER,ICD_10,2023,C8521
COB,CANCER,CANCER,ICD_10,2023,C8522
COB,CANCER,CANCER,ICD_10,2023,C8523
COB,CANCER,CANCER,ICD_10,2023,C8524
COB,CANCER,CANCER,ICD_10,2023,C8525
COB,CANCER,CANCER,ICD_10,2023,C8526
COB,CANCER,CANCER,ICD_10,2023,C8527
COB,CANCER,CANCER,ICD_10,2023,C8528
COB,CANCER,CANCER,ICD_10,2023,C8529
COB,CANCER,CANCER,ICD_10,2024,C852A
COB,CANCER,CANCER,ICD_10,2023,C8580
COB,CANCER,CANCER,ICD_10,2023,C8581
COB,CANCER,CANCER,ICD_10,2023,C8582
COB,CANCER,CANCER,ICD_10,2023,C8583
COB,CANCER,CANCER,ICD_10,2023,C8584
COB,CANCER,CANCER,ICD_10,2023,C8585
COB,CANCER,CANCER,ICD_10,2023,C8586
COB,CANCER,CANCER,ICD_10,2023,C8587
COB,CANCER,CANCER,ICD_10,2023,C8588
COB,CANCER,CANCER,ICD_10,2023,C8589
COB,CANCER,CANCER,ICD_10,2024,C858A
COB,CANCER,CANCER,ICD_10,2023,C8590
COB,CANCER,CANCER,ICD_10,2023,C8591
COB,CANCER,CANCER,ICD_10,2023,C8592
COB,CANCER,CANCER,ICD_10,2023,C8593
COB,CANCER,CANCER,ICD_10,2023,C8594
COB,CANCER,CANCER,ICD_10,2023,C8595
COB,CANCER,CANCER,ICD_10,2023,C8596
COB,CANCER,CANCER,ICD_10,2023,C8597
COB,CANCER,CANCER,ICD_10,2023,C8598
COB,CANCER,CANCER,ICD_10,2023,C8599
COB,CANCER,CANCER,ICD_10,2024,C859A
COB,CANCER,CANCER,ICD_10,2023,C860
COB,CANCER,CANCER,ICD_10,2024,C8600
COB,CANCER,CANCER,ICD_10,2024,C8601
COB,CANCER,CANCER,ICD_10,2023,C861
COB,CANCER,CANCER,ICD_10,2024,C8610
COB,CANCER,CANCER,ICD_10,2024,C8611
COB,CANCER,CANCER,ICD_10,2023,C862
COB,CANCER,CANCER,ICD_10,2024,C8620
COB,CANCER,CANCER,ICD_10,2024,C8621
COB,CANCER,CANCER,ICD_10,2023,C863
COB,CANCER,CANCER,ICD_10,2024,C8630
COB,CANCER,CANCER,ICD_10,2024,C8631
COB,CANCER,CANCER,ICD_10,2023,C864
COB,CANCER,CANCER,ICD_10,2024,C8640
COB,CANCER,CANCER,ICD_10,2024,C8641
COB,CANCER,CANCER,ICD_10,2023,C865
COB,CANCER,CANCER,ICD_10,2024,C8650
COB,CANCER,CANCER,ICD_10,2024,C8651
COB,CANCER,CANCER,ICD_10,2023,C866
COB,CANCER,CANCER,ICD_10,2024,C8660
COB,CANCER,CANCER,ICD_10,2024,C8661
COB,CANCER,CANCER,ICD_10,2023,C880
COB,CANCER,CANCER,ICD_10,2024,C8800
COB,CANCER,CANCER,ICD_10,2024,C8801
COB,CANCER,CANCER,ICD_10,2023,C882
COB,CANCER,CANCER,ICD_10,2024,C8820
COB,CANCER,CANCER,ICD_10,2024,C8821
COB,CANCER,CANCER,ICD_10,2023,C883
COB,CANCER,CANCER,ICD_10,2024,C8830
COB,CANCER,CANCER,ICD_10,2024,C8831
COB,CANCER,CANCER,ICD_10,2023,C884
COB,CANCER,CANCER,ICD_10,2024,C8840
COB,CANCER,CANCER,ICD_10,2024,C8841
COB,CANCER,CANCER,ICD_10,2023,C888
COB,CANCER,CANCER,ICD_10,2024,C8880
COB,CANCER,CANCER,ICD_10,2024,C8881
COB,CANCER,CANCER,ICD_10,2023,C889
COB,CANCER,CANCER,ICD_10,2024,C8890
COB,CANCER,CANCER,ICD_10,2024,C8891
COB,CANCER,CANCER,ICD_10,2023,C9000
COB,CANCER,CANCER,ICD_10,2023,C9001
COB,CANCER,CANCER,ICD_10,2023,C9002
COB,CANCER,CANCER,ICD_10,2023,C9010
COB,CANCER,CANCER,ICD_10,2023,C9011
COB,CANCER,CANCER,ICD_10,2023,C9012
COB,CANCER,CANCER,ICD_10,2023,C9020
COB,CANCER,CANCER,ICD_10,2023,C9021
COB,CANCER,CANCER,ICD_10,2023,C9022
COB,CANCER,CANCER,ICD_10,2023,C9030
COB,CANCER,CANCER,ICD_10,2023,C9031
COB,CANCER,CANCER,ICD_10,2023,C9032
COB,CANCER,CANCER,ICD_10,2023,C9100
COB,CANCER,CANCER,ICD_10,2023,C9101
COB,CANCER,CANCER,ICD_10,2023,C9102
COB,CANCER,CANCER,ICD_10,2023,C9110
COB,CANCER,CANCER,ICD_10,2023,C9111
COB,CANCER,CANCER,ICD_10,2023,C9112
COB,CANCER,CANCER,ICD_10,2023,C9130
COB,CANCER,CANCER,ICD_10,2023,C9131
COB,CANCER,CANCER,ICD_10,2023,C9132
COB,CANCER,CANCER,ICD_10,2023,C9140
COB,CANCER,CANCER,ICD_10,2023,C9141
COB,CANCER,CANCER,ICD_10,2023,C9142
COB,CANCER,CANCER,ICD_10,2023,C9150
COB,CANCER,CANCER,ICD_10,2023,C9151
COB,CANCER,CANCER,ICD_10,2023,C9152
COB,CANCER,CANCER,ICD_10,2023,C9160
COB,CANCER,CANCER,ICD_10,2023,C9161
COB,CANCER,CANCER,ICD_10,2023,C9162
COB,CANCER,CANCER,ICD_10,2023,C9190
COB,CANCER,CANCER,ICD_10,2023,C9191
COB,CANCER,CANCER,ICD_10,2023,C9192
COB,CANCER,CANCER,ICD_10,2023,C91A0
COB,CANCER,CANCER,ICD_10,2023,C91A1
COB,CANCER,CANCER,ICD_10,2023,C91A2
COB,CANCER,CANCER,ICD_10,2023,C91Z0
COB,CANCER,CANCER,ICD_10,2023,C91Z1
COB,CANCER,CANCER,ICD_10,2023,C91Z2
COB,CANCER,CANCER,ICD_10,2023,C9200
COB,CANCER,CANCER,ICD_10,2023,C9201
COB,CANCER,CANCER,ICD_10,2023,C9202
COB,CANCER,CANCER,ICD_10,2023,C9210
COB,CANCER,CANCER,ICD_10,2023,C9211
COB,CANCER,CANCER,ICD_10,2023,C9212
COB,CANCER,CANCER,ICD_10,2023,C9220
COB,CANCER,CANCER,ICD_10,2023,C9221
COB,CANCER,CANCER,ICD_10,2023,C9222
COB,CANCER,CANCER,ICD_10,2023,C9230
COB,CANCER,CANCER,ICD_10,2023,C9231
COB,CANCER,CANCER,ICD_10,2023,C9232
COB,CANCER,CANCER,ICD_10,2023,C9240
COB,CANCER,CANCER,ICD_10,2023,C9241
COB,CANCER,CANCER,ICD_10,2023,C9242
COB,CANCER,CANCER,ICD_10,2023,C9250
COB,CANCER,CANCER,ICD_10,2023,C9251
COB,CANCER,CANCER,ICD_10,2023,C9252
COB,CANCER,CANCER,ICD_10,2023,C9260
COB,CANCER,CANCER,ICD_10,2023,C9261
COB,CANCER,CANCER,ICD_10,2023,C9262
COB,CANCER,CANCER,ICD_10,2023,C9290
COB,CANCER,CANCER,ICD_10,2023,C9291
COB,CANCER,CANCER,ICD_10,2023,C9292
COB,CANCER,CANCER,ICD_10,2023,C92A0
COB,CANCER,CANCER,ICD_10,2023,C92A1
COB,CANCER,CANCER,ICD_10,2023,C92A2
COB,CANCER,CANCER,ICD_10,2023,C92Z0
COB,CANCER,CANCER,ICD_10,2023,C92Z1
COB,CANCER,CANCER,ICD_10,2023,C92Z2
COB,CANCER,CANCER,ICD_10,2023,C9300
COB,CANCER,CANCER,ICD_10,2023,C9301
COB,CANCER,CANCER,ICD_10,2023,C9302
COB,CANCER,CANCER,ICD_10,2023,C9310
COB,CANCER,CANCER,ICD_10,2023,C9311
COB,CANCER,CANCER,ICD_10,2023,C9312
COB,CANCER,CANCER,ICD_10,2023,C9330
COB,CANCER,CANCER,ICD_10,2023,C9331
COB,CANCER,CANCER,ICD_10,2023,C9332
COB,CANCER,CANCER,ICD_10,2023,C9390
COB,CANCER,CANCER,ICD_10,2023,C9391
COB,CANCER,CANCER,ICD_10,2023,C9392
COB,CANCER,CANCER,ICD_10,2023,C93Z0
COB,CANCER,CANCER,ICD_10,2023,C93Z1
COB,CANCER,CANCER,ICD_10,2023,C93Z2
COB,CANCER,CANCER,ICD_10,2023,C9400
COB,CANCER,CANCER,ICD_10,2023,C9401
COB,CANCER,CANCER,ICD_10,2023,C9402
COB,CANCER,CANCER,ICD_10,2023,C9420
COB,CANCER,CANCER,ICD_10,2023,C9421
COB,CANCER,CANCER,ICD_10,2023,C9422
COB,CANCER,CANCER,ICD_10,2023,C9430
COB,CANCER,CANCER,ICD_10,2023,C9431
COB,CANCER,CANCER,ICD_10,2023,C9432
COB,CANCER,CANCER,ICD_10,2023,C9440
COB,CANCER,CANCER,ICD_10,2023,C9441
COB,CANCER,CANCER,ICD_10,2023,C9442
COB,CANCER,CANCER,ICD_10,2023,C946
COB,CANCER,CANCER,ICD_10,2023,C9480
COB,CANCER,CANCER,ICD_10,2023,C9481
COB,CANCER,CANCER,ICD_10,2023,C9482
COB,CANCER,CANCER,ICD_10,2023,C9500
COB,CANCER,CANCER,ICD_10,2023,C9501
COB,CANCER,CANCER,ICD_10,2023,C9502
COB,CANCER,CANCER,ICD_10,2023,C9510
COB,CANCER,CANCER,ICD_10,2023,C9511
COB,CANCER,CANCER,ICD_10,2023,C9512
COB,CANCER,CANCER,ICD_10,2023,C9590
COB,CANCER,CANCER,ICD_10,2023,C9591
COB,CANCER,CANCER,ICD_10,2023,C9592
COB,CANCER,CANCER,ICD_10,2023,C960
COB,CANCER,CANCER,ICD_10,2023,C9620
COB,CANCER,CANCER,ICD_10,2023,C9621
COB,CANCER,CANCER,ICD_10,2023,C9622
COB,CANCER,CANCER,ICD_10,2023,C9629
COB,CANCER,CANCER,ICD_10,2023,C964
COB,CANCER,CANCER,ICD_10,2023,C965
COB,CANCER,CANCER,ICD_10,2023,C966
COB,CANCER,CANCER,ICD_10,2023,C969
COB,CANCER,CANCER,ICD_10,2023,C96A
COB,CANCER,CANCER,ICD_10,2023,C96Z
COB,CANCER_RELATED_PAIN,CANCER_RELATED_PAIN,ICD-10,2024,G893
COB,HOSPICE_ENCOUNTER,HOSPICE_ENCOUNTER,HCPCS_CODE,2023,G9473
COB,HOSPICE_ENCOUNTER,HOSPICE_ENCOUNTER,HCPCS_CODE,2023,G9474
COB,HOSPICE_ENCOUNTER,HOSPICE_ENCOUNTER,HCPCS_CODE,2023,G9475
COB,HOSPICE_ENCOUNTER,HOSPICE_ENCOUNTER,HCPCS_CODE,2023,G9476
COB,HOSPICE_ENCOUNTER,HOSPICE_ENCOUNTER,HCPCS_CODE,2023,G9477
COB,HOSPICE_ENCOUNTER,HOSPICE_ENCOUNTER,HCPCS_CODE,2023,G9478
COB,HOSPICE_ENCOUNTER,HOSPICE_ENCOUNTER,HCPCS_CODE,2023,G9479
COB,HOSPICE_ENCOUNTER,HOSPICE_ENCOUNTER,HCPCS_CODE,2023,Q5003
COB,HOSPICE_ENCOUNTER,HOSPICE_ENCOUNTER,HCPCS_CODE,2023,Q5004
COB,HOSPICE_ENCOUNTER,HOSPICE_ENCOUNTER,HCPCS_CODE,2023,Q5005
COB,HOSPICE_ENCOUNTER,HOSPICE_ENCOUNTER,HCPCS_CODE,2023,Q5006
COB,HOSPICE_ENCOUNTER,HOSPICE_ENCOUNTER,HCPCS_CODE,2023,Q5007
COB,HOSPICE_ENCOUNTER,HOSPICE_ENCOUNTER,HCPCS_CODE,2023,Q5008
COB,HOSPICE_ENCOUNTER,HOSPICE_ENCOUNTER,HCPCS_CODE,2023,Q5010
COB,HOSPICE_ENCOUNTER,HOSPICE_ENCOUNTER,HCPCS_CODE,2023,S9126
COB,HOSPICE_ENCOUNTER,HOSPICE_ENCOUNTER,HCPCS_CODE,2023,T2042
COB,HOSPICE_ENCOUNTER,HOSPICE_ENCOUNTER,HCPCS_CODE,2023,T2043
COB,HOSPICE_ENCOUNTER,HOSPICE_ENCOUNTER,HCPCS_CODE,2023,T2044
COB,HOSPICE_ENCOUNTER,HOSPICE_ENCOUNTER,HCPCS_CODE,2023,T2045
COB,HOSPICE_ENCOUNTER,HOSPICE_ENCOUNTER,HCPCS_CODE,2023,T2046
COB,HOSPICE_ENCOUNTER,HOSPICE_ENCOUNTER,SNOMED_CT,2022.09.22AA,183919006
COB,HOSPICE_ENCOUNTER,HOSPICE_ENCOUNTER,SNOMED_CT,2022.09.22AA,183920000
COB,HOSPICE_ENCOUNTER,HOSPICE_ENCOUNTER,SNOMED_CT,2022.09.22AA,183921001
COB,HOSPICE_ENCOUNTER,HOSPICE_ENCOUNTER,SNOMED_CT,2022.09.22AA,305336008
COB,HOSPICE_ENCOUNTER,HOSPICE_ENCOUNTER,SNOMED_CT,2022.09.22AA,305911006
COB,HOSPICE_ENCOUNTER,HOSPICE_ENCOUNTER,SNOMED_CT,2022.09.22AA,385765002
COB,HOSPICE_ENCOUNTER,HOSPICE_ENCOUNTER,UBREV,2012.05,0115
COB,HOSPICE_ENCOUNTER,HOSPICE_ENCOUNTER,UBREV,2012.05,0125
COB,HOSPICE_ENCOUNTER,HOSPICE_ENCOUNTER,UBREV,2012.05,0135
COB,HOSPICE_ENCOUNTER,HOSPICE_ENCOUNTER,UBREV,2012.05,0145
COB,HOSPICE_ENCOUNTER,HOSPICE_ENCOUNTER,UBREV,2012.05,0155
COB,HOSPICE_ENCOUNTER,HOSPICE_ENCOUNTER,UBREV,2012.05,0235
COB,HOSPICE_ENCOUNTER,HOSPICE_ENCOUNTER,UBREV,2012.05,0650
COB,HOSPICE_ENCOUNTER,HOSPICE_ENCOUNTER,UBREV,2012.05,0651
COB,HOSPICE_ENCOUNTER,HOSPICE_ENCOUNTER,UBREV,2012.05,0652
COB,HOSPICE_ENCOUNTER,HOSPICE_ENCOUNTER,UBREV,2012.05,0655
COB,HOSPICE_ENCOUNTER,HOSPICE_ENCOUNTER,UBREV,2012.05,0656
COB,HOSPICE_ENCOUNTER,HOSPICE_ENCOUNTER,UBREV,2012.05,0657
COB,HOSPICE_ENCOUNTER,HOSPICE_ENCOUNTER,UBREV,2012.05,0658
COB,HOSPICE_ENCOUNTER,HOSPICE_ENCOUNTER,UBREV,2012.05,0659
COB,HOSPICE_INTERVENTION,HOSPICE_INTERVENTION,CPT,2024,99377
COB,HOSPICE_INTERVENTION,HOSPICE_INTERVENTION,CPT,2024,99378
COB,HOSPICE_INTERVENTION,HOSPICE_INTERVENTION,HCPCS_CODE,2023,G0182
COB,HOSPICE_INTERVENTION,HOSPICE_INTERVENTION,SNOMED_CT,2022.09.22AA,170935008
COB,HOSPICE_INTERVENTION,HOSPICE_INTERVENTION,SNOMED_CT,2022.09.22AA,170936009
COB,HOSPICE_INTERVENTION,HOSPICE_INTERVENTION,SNOMED_CT,2022.09.22AA,385763009
COB,PALLIATIVE_CARE,PALLIATIVE_CARE,ICD_10,2023,Z515
COB,SICKLE_CELL_DISEASE,SICKLE_CELL_DISEASE,ICD_10,2023,D5700
COB,SICKLE_CELL_DISEASE,SICKLE_CELL_DISEASE,ICD_10,2023,D5701
COB,SICKLE_CELL_DISEASE,SICKLE_CELL_DISEASE,ICD_10,2023,D5702
COB,SICKLE_CELL_DISEASE,SICKLE_CELL_DISEASE,ICD_10,2023,D5703
COB,SICKLE_CELL_DISEASE,SICKLE_CELL_DISEASE,ICD_10,2023,D5704
COB,SICKLE_CELL_DISEASE,SICKLE_CELL_DISEASE,ICD_10,2023,D5709
COB,SICKLE_CELL_DISEASE,SICKLE_CELL_DISEASE,ICD_10,2023,D571
COB,SICKLE_CELL_DISEASE,SICKLE_CELL_DISEASE,ICD_10,2023,D5720
COB,SICKLE_CELL_DISEASE,SICKLE_CELL_DISEASE,ICD_10,2023,D57211
COB,SICKLE_CELL_DISEASE,SICKLE_CELL_DISEASE,ICD_10,2023,D57212
COB,SICKLE_CELL_DISEASE,SICKLE_CELL_DISEASE,ICD_10,2023,D57213
COB,SICKLE_CELL_DISEASE,SICKLE_CELL_DISEASE,ICD_10,2023,D57214
COB,SICKLE_CELL_DISEASE,SICKLE_CELL_DISEASE,ICD_10,2023,D57218
COB,SICKLE_CELL_DISEASE,SICKLE_CELL_DISEASE,ICD_10,2023,D57219
COB,SICKLE_CELL_DISEASE,SICKLE_CELL_DISEASE,ICD_10,2023,D5740
COB,SICKLE_CELL_DISEASE,SICKLE_CELL_DISEASE,ICD_10,2023,D57411
COB,SICKLE_CELL_DISEASE,SICKLE_CELL_DISEASE,ICD_10,2023,D57412
COB,SICKLE_CELL_DISEASE,SICKLE_CELL_DISEASE,ICD_10,2023,D57413
COB,SICKLE_CELL_DISEASE,SICKLE_CELL_DISEASE,ICD_10,2023,D57414
COB,SICKLE_CELL_DISEASE,SICKLE_CELL_DISEASE,ICD_10,2023,D57418
COB,SICKLE_CELL_DISEASE,SICKLE_CELL_DISEASE,ICD_10,2023,D57419
COB,SICKLE_CELL_DISEASE,SICKLE_CELL_DISEASE,ICD_10,2023,D5742
COB,SICKLE_CELL_DISEASE,SICKLE_CELL_DISEASE,ICD_10,2023,D57431
COB,SICKLE_CELL_DISEASE,SICKLE_CELL_DISEASE,ICD_10,2023,D57432
COB,SICKLE_CELL_DISEASE,SICKLE_CELL_DISEASE,ICD_10,2023,D57433
COB,SICKLE_CELL_DISEASE,SICKLE_CELL_DISEASE,ICD_10,2023,D57434
COB,SICKLE_CELL_DISEASE,SICKLE_CELL_DISEASE,ICD_10,2023,D57438
COB,SICKLE_CELL_DISEASE,SICKLE_CELL_DISEASE,ICD_10,2023,D57439
COB,SICKLE_CELL_DISEASE,SICKLE_CELL_DISEASE,ICD_10,2023,D5744
COB,SICKLE_CELL_DISEASE,SICKLE_CELL_DISEASE,ICD_10,2023,D57451
COB,SICKLE_CELL_DISEASE,SICKLE_CELL_DISEASE,ICD_10,2023,D57452
COB,SICKLE_CELL_DISEASE,SICKLE_CELL_DISEASE,ICD_10,2023,D57453
COB,SICKLE_CELL_DISEASE,SICKLE_CELL_DISEASE,ICD_10,2023,D57454
COB,SICKLE_CELL_DISEASE,SICKLE_CELL_DISEASE,ICD_10,2023,D57458
COB,SICKLE_CELL_DISEASE,SICKLE_CELL_DISEASE,ICD_10,2023,D57459
COB,SICKLE_CELL_DISEASE,SICKLE_CELL_DISEASE,ICD_10,2023,D5780
COB,SICKLE_CELL_DISEASE,SICKLE_CELL_DISEASE,ICD_10,2023,D57811
COB,SICKLE_CELL_DISEASE,SICKLE_CELL_DISEASE,ICD_10,2023,D57812
COB,SICKLE_CELL_DISEASE,SICKLE_CELL_DISEASE,ICD_10,2023,D57813
COB,SICKLE_CELL_DISEASE,SICKLE_CELL_DISEASE,ICD_10,2023,D57814
COB,SICKLE_CELL_DISEASE,SICKLE_CELL_DISEASE,ICD_10,2023,D57818
COB,SICKLE_CELL_DISEASE,SICKLE_CELL_DISEASE,ICD_10,2023,D57819
Poly,HOSPICE_ENCOUNTER,HOSPICE_ENCOUNTER,HCPCS_CODE,2023,G9473
Poly,HOSPICE_ENCOUNTER,HOSPICE_ENCOUNTER,HCPCS_CODE,2023,G9474
Poly,HOSPICE_ENCOUNTER,HOSPICE_ENCOUNTER,HCPCS_CODE,2023,G9475
Poly,HOSPICE_ENCOUNTER,HOSPICE_ENCOUNTER,HCPCS_CODE,2023,G9476
Poly,HOSPICE_ENCOUNTER,HOSPICE_ENCOUNTER,HCPCS_CODE,2023,G9477
Poly,HOSPICE_ENCOUNTER,HOSPICE_ENCOUNTER,HCPCS_CODE,2023,G9478
Poly,HOSPICE_ENCOUNTER,HOSPICE_ENCOUNTER,HCPCS_CODE,2023,G9479
Poly,HOSPICE_ENCOUNTER,HOSPICE_ENCOUNTER,HCPCS_CODE,2023,Q5003
Poly,HOSPICE_ENCOUNTER,HOSPICE_ENCOUNTER,HCPCS_CODE,2023,Q5004
Poly,HOSPICE_ENCOUNTER,HOSPICE_ENCOUNTER,HCPCS_CODE,2023,Q5005
Poly,HOSPICE_ENCOUNTER,HOSPICE_ENCOUNTER,HCPCS_CODE,2023,Q5006
Poly,HOSPICE_ENCOUNTER,HOSPICE_ENCOUNTER,HCPCS_CODE,2023,Q5007
Poly,HOSPICE_ENCOUNTER,HOSPICE_ENCOUNTER,HCPCS_CODE,2023,Q5008
Poly,HOSPICE_ENCOUNTER,HOSPICE_ENCOUNTER,HCPCS_CODE,2023,Q5010
Poly,HOSPICE_ENCOUNTER,HOSPICE_ENCOUNTER,HCPCS_CODE,2023,S9126
Poly,HOSPICE_ENCOUNTER,HOSPICE_ENCOUNTER,HCPCS_CODE,2023,T2042
Poly,HOSPICE_ENCOUNTER,HOSPICE_ENCOUNTER,HCPCS_CODE,2023,T2043
Poly,HOSPICE_ENCOUNTER,HOSPICE_ENCOUNTER,HCPCS_CODE,2023,T2044
Poly,HOSPICE_ENCOUNTER,HOSPICE_ENCOUNTER,HCPCS_CODE,2023,T2045
Poly,HOSPICE_ENCOUNTER,HOSPICE_ENCOUNTER,HCPCS_CODE,2023,T2046
Poly,HOSPICE_ENCOUNTER,HOSPICE_ENCOUNTER,SNOMED_CT,2022.09.22AA,183919006
Poly,HOSPICE_ENCOUNTER,HOSPICE_ENCOUNTER,SNOMED_CT,2022.09.22AA,183920000
Poly,HOSPICE_ENCOUNTER,HOSPICE_ENCOUNTER,SNOMED_CT,2022.09.22AA,183921001
Poly,HOSPICE_ENCOUNTER,HOSPICE_ENCOUNTER,SNOMED_CT,2022.09.22AA,305336008
Poly,HOSPICE_ENCOUNTER,HOSPICE_ENCOUNTER,SNOMED_CT,2022.09.22AA,305911006
Poly,HOSPICE_ENCOUNTER,HOSPICE_ENCOUNTER,SNOMED_CT,2022.09.22AA,385765002
Poly,HOSPICE_ENCOUNTER,HOSPICE_ENCOUNTER,UBREV,2012.05,0115
Poly,HOSPICE_ENCOUNTER,HOSPICE_ENCOUNTER,UBREV,2012.05,0125
Poly,HOSPICE_ENCOUNTER,HOSPICE_ENCOUNTER,UBREV,2012.05,0135
Poly,HOSPICE_ENCOUNTER,HOSPICE_ENCOUNTER,UBREV,2012.05,0145
Poly,HOSPICE_ENCOUNTER,HOSPICE_ENCOUNTER,UBREV,2012.05,0155
Poly,HOSPICE_ENCOUNTER,HOSPICE_ENCOUNTER,UBREV,2012.05,0235
Poly,HOSPICE_ENCOUNTER,HOSPICE_ENCOUNTER,UBREV,2012.05,0650
Poly,HOSPICE_ENCOUNTER,HOSPICE_ENCOUNTER,UBREV,2012.05,0651
Poly,HOSPICE_ENCOUNTER,HOSPICE_ENCOUNTER,UBREV,2012.05,0652
Poly,HOSPICE_ENCOUNTER,HOSPICE_ENCOUNTER,UBREV,2012.05,0655
Poly,HOSPICE_ENCOUNTER,HOSPICE_ENCOUNTER,UBREV,2012.05,0656
Poly,HOSPICE_ENCOUNTER,HOSPICE_ENCOUNTER,UBREV,2012.05,0657
Poly,HOSPICE_ENCOUNTER,HOSPICE_ENCOUNTER,UBREV,2012.05,0658
Poly,HOSPICE_ENCOUNTER,HOSPICE_ENCOUNTER,UBREV,2012.05,0659
Poly,HOSPICE_INTERVENTION,HOSPICE_INTERVENTION,CPT,2024,99377
Poly,HOSPICE_INTERVENTION,HOSPICE_INTERVENTION,CPT,2024,99378
Poly,HOSPICE_INTERVENTION,HOSPICE_INTERVENTION,HCPCS_CODE,2023,G0182
Poly,HOSPICE_INTERVENTION,HOSPICE_INTERVENTION,SNOMED_CT,2022.09.22AA,170935008
Poly,HOSPICE_INTERVENTION,HOSPICE_INTERVENTION,SNOMED_CT,2022.09.22AA,170936009
Poly,HOSPICE_INTERVENTION,HOSPICE_INTERVENTION,SNOMED_CT,2022.09.22AA,385763009
